pgxs2p,pgxs2r,pgxs2s,pgxs2u,pgxs2v,pgxs2x,pgxs2y,pgxs30,pgxs31,pgxs32,pgxs33,pgxs34,pgxs35,pgxs39,pgxs3a,pgxs3d,pgxs3e,pgxs3f,pgxs3h,pgxs3j,pgxs3k,pgxs3n,pgxs3o,pgxs3p,pgxs3r,pgxs3s,pgxs3t,pgxs3u,pgxs3v,pgxs3w,pgxs3z,pgxs40,pgxs41,pgxs42,pgxs43,pgxs44,pgxs45,pgxs46,pgxs47,pgxs48,pgxs4a,pgxs4d,pgxs4e,pgxs4g,pgxs4j,pgxs4k,pgxs4l,pgxs4n,pgxs4m,pgxs4o,pgxs4p,pgxs4r,pgxs4s,pgxs4t,pgxs4v,pgxs4w,pgxs4x,pgxs4y,pgxs4z,pgxs51,pgxs52,pgxs53,pgxs54,pgxs55,pgxs56,pgxs57,pgxs58,pgxs59,pgxs5a,pgxs5c,pgxs5b,pgxs5d,pgxs5e,pgxs5h,pgxs5k,pgxs5l,pgxs5m,pgxs5n,pgxs5o,pgxs5p,pgxs5q,pgxs5r,pgxs5s,pgxs5t,pgxs5u,pgxs5v,pgxs5w,pgxs5x,pgxs5y,pgxs60,pgxs62,pgxs64,pgxs66,pgxs67,pgxs68,pgxs6a,pgxs6b,pgxs6c,pgxs6d,pgxs6e,pgxs6h
Anyone know someone whoâ€™s died from heart attack or stroke from vaping ?,"""Bus Stopped""",What is the best and worst part of being an adult?,Ccpztmxhjmjjkghv,Anyone else absolutely love the newish Hard Top Miata's? I much prefer them over the soft top models.,.,Cum sub for FREE to your favorite BBW Latina fantasy fuckdollğŸ’‹ğŸ’‹ Custom Pics and Vids ğŸ“Sex Tapes ğŸ“POV Blowjobs ğŸ“Toy/Finger Masturbation ğŸ“Dick Rates ğŸ“BG Content ğŸ“Fetish Friendly ğŸ“MESSAGE ME AND Iâ€™LL SEND YOU THE LINKğŸ“²ğŸ“²,"Mario Token Token, JUST LAUNCHED ! $MARIO Token COMING RIGHT NOW TO YOU",MEMECAHKAN MISTERI | Assassin's Creed Valhalla | PS4 PRO | GAMEPLAY | PA...,AmericansğŸ˜’ğŸ˜’,this is the only video you'll need today,"Know whatâ€™s on the menu, ME-N-U ;)","20 [M4F] Australia ~ Soft, kinky daddy looking for his little girl! ğŸ‡¦ğŸ‡º",Live,"i want to please you ğŸ˜‡ nudes, dick rates, sexting â¤ï¸ no paywalls ğŸ¥° super responsive",Post match thread 0-0 away,[Titanium White Fennec] [Titanium White 20XX] [Comet] [Equalizer],cartolina-aforisma-victor-hugo-15,Gay bottom videos and music dances. (Gay Artist),Neill Blomkamp vs. Duncan Jones. Who do you choose?,â¤ï¸ Cuckold Desi Wife Fucking âš¡ğŸ”¥ï¸ [Link In Comment] ğŸ‘‡ğŸ‘‡,MEMECAHKAN MISTERI | Assassin's Creed Valhalla | PS4 PRO | GAMEPLAY | PA...,cannabis,Would you say Iâ€™m tight?? ğŸ˜‡,How can you fight Apex Rathian?,With all the recent climate châ€¦ I mean bad and totally random weather in the US this week. Is there data or a government agency that starts planning for how much these clean ups will add to existing landfills? Or start planning for new landfills to take all this new waste?,My balls are full help me,"Mario Token Token, JUST LAUNCHED ! $MARIO Token COMING RIGHT NOW TO YOU",[06:44] - RamirezPleasure - Sexy Latina sucks fucks and gets facial,ğŸ’²FREE $50 bonus from M1 Finance- Only requires a $100 deposit. Offer expires 9/7! ğŸ’²,6 Hours in Disability,Am I the asshole for choosing to quarantine at the center my school set up for us to live in while we have covid instead of going home to quarantine?,(18) havenâ€™t posted in a while :),What should I get Banana Mania on?,Do you remember the best orgasm youâ€™ve ever had? [F][OC],Bit,Any females @ Chatteau xxx in Charleston [M] looking for [F],Clip Studio Paint Tutorial (given by a inexperienced and new user of the...,How tho- My old ennard sh1t-,Witch queen preorder pack XBOX,"Mario Token Token, JUST LAUNCHED ! $MARIO Token COMING RIGHT NOW TO YOU","History-Maps.com Presents ""The Hundred Years War: Lancastrian War"" (link below)",Your_doll13 Tiktok Nude Video Leak,Mossberg Maverick deer hunting?,Where is University Square?,"I'll ride the head until you cum, then shove you deep inside me ğŸ¥µğŸ¥µğŸ’¦ğŸ’‹ [f]",Sundial going up. .80â€™s here we come.,Manuel Rosales se postulÃ³ como candidato a la gobernaciÃ³n del Zulia.,Nancy and Zack,"Mario Token Token, JUST LAUNCHED ! $MARIO Token COMING RIGHT NOW TO YOU","This is so amazing boob, Do you want to see full video tap the link in the comment?",Chizuru vs ruka!! who do you choose? [Characters: ruka & Chizuru ~ Sauce: rent a girlfriend],Soles & thiccc booty,My tight lips are perfect for keeping your cum in,21[F4A][Snapchat] Anyone for sexting? And need to sexting partner if u interest add me my Snapchat:elima_marry21,"Mario Token Token, JUST LAUNCHED ! $MARIO Token COMING RIGHT NOW TO YOU",â¤ï¸FREE ONLYFANSâ¤ï¸ Daily posting ğŸ¤19yo oldğŸ¤ Your favorite tattoo teen ğŸ¤ I'll show you how you can cum time after timeğŸ‘„,EthernityCloud #cloud #decentralized #altcoin #Confidentiality #privacy #token #coin,"Â«Ğ•ÑĞ»Ğ¸ Ğ±Ñ‹ Ğ½Ğµ ĞšÑ€ĞµĞ¼Ğ»ÑŒ, ĞšĞŸĞ Ğ¤ Ñ€Ğ°Ğ·Ğ²Ğ°Ğ»Ğ¸Ğ»Ğ°ÑÑŒ Ğ±Ñ‹ Ğ½Ğ° ĞºÑƒÑĞ¾Ñ‡ĞºĞ¸ Ğ¸ Ğ¿ĞµÑ€ĞµÑÑ‚Ğ°Ğ»Ğ° ÑÑƒÑ‰ĞµÑÑ‚Ğ²Ğ¾Ğ²Ğ°Ñ‚ÑŒÂ»",BarbieğŸ’—,I will make you cum ğŸ˜ˆ I want you now on my OF ğŸ˜ˆğŸ˜ˆğŸ˜ˆğŸ˜˜,GUYS IT'S ME THEROBOTWANNABE,"I only SELL, GFE or really hot Sexting, video call Payment method: PayPal Verified Girl This KIK: @ Stefani_Miller",Ahri by Nikawuw,"ğŸš¨ Voyager- Cryptocurrency trading app, currently offering a FREE $25 for trading just $100 on the app. US Only. Bonus posts fast! One of the BEST payout crypto referral offers. ğŸš¨","Mario Token Token, JUST LAUNCHED ! $MARIO Token COMING RIGHT NOW TO YOU",https://t.me/joinchat/tvUYTP6E2ZQ0NDE0,Girl power! vol. 3 - female vocal indie / dreampop compilation,Worship my ass and pussy loser kik:legal_loli_ snap:real_princetoby,Interact if you would actually fuck me on a first date,Yandere chains you up and rides you.,You are transported to the last video game you played. How do you fare?,"Be honest, would you fuck me on a first date??",46438601 EMBOSSED W 32MM P ADJ 380MM .,[IDM] Benevolent World Exploder - In The Upper Room,Melina's big ass !!!!,ğŸ›‘ DEEP SPACE ğŸ›‘ Stealth Launch ğŸ›‘ Listed On PancakeSwap ğŸ›‘ Liquidity locked,just ryota most of the time,Yellow Sapphire Pre 2.75 CT (4.58 Ratti),Is Heaven at Nite supposed to be a sad song?,Course difficulty/workload comparison,Crunchyroll might actually phase out.,El insÃ³lito spot de Randazzo con su madre: 'Explicale a Ã©ste pueblo de pelotu...',A girl teaching her cat how to write,We live for this day,Appreciation post for the amount of effort the artist put into dat @$$ in the SS Esper Girl portrait art,[Gen 8] Say hello to Spinach! It is safe to say I am addicted to shiny hunting lol Took about 600-700 eggs.,still in love with the Fashion Simulator. <3,"à°‡à°‚à°¡à°¿à°¯à°¾ à°µà°°à±à°¸à±†à°¸à± à°‡à°‚à°—à±à°²à°¾à°‚à°¡à± 4 à°µ à°Ÿà±†à°¸à±à°Ÿà±, à°¡à±‡ 1: à°‡à°‚à°—à±à°²à°¾à°‚à°¡à± 53/3 à°¸à±à°Ÿà°‚à°ªà±à°¸à± à°µà°¦à±à°¦, à°“à°µà°²à±à°²à±‹ à°­à°¾à°°à°¤à± 138 à°ªà°°à±à°—à±à°² à°µà±†à°¨à±à°•à°¬à°¡à°¿ à°‰à°‚à°¦à°¿ - Indcricketnews",#à¨¸à©±à¨š_à¨¦à¨¾_à¨¸à©°à¨˜à¨°à¨¸à¨¼ à¤¸à¤‚à¤¤ à¤°à¤¾à¤®à¤ªà¤¾à¤² à¤œà¥€ à¤®à¤¹à¤¾à¤°à¤¾à¤œ à¤¨à¥‡ à¤…à¤ªà¤¨à¥‡ à¤…à¤¦à¥à¤§à¤¿à¤¤à¥€à¤¯ à¤¤à¤¤à¥à¤µà¤œà¥à¤à¤¾à¤¨ à¤¸à¥‡ à¤¬à¤¤à¤¾à¤¯à¤¾ à¤•à¤¿: à¤¨à¤¿ à¤¸à¤‚à¤¤à¤¾à¤¨ à¤¤à¥‹ à¤¬à¤¹à¥à¤¤ à¤¹à¥€ à¤ªà¥à¤£à¥à¤¯à¤•à¤®à¥€ à¤ªà¥à¤°à¤¾à¤£à¥€ à¤¹à¥‹à¤¤à¤¾ à¤¹à¥ˆ à¥¤ à¤•à¥à¤¯à¥‹à¤‚à¤•à¤¿ à¤‰à¤¸à¤•à¤¾ à¤•à¤¿à¤¸à¥€ à¤¸à¥‡ à¤•à¥‹à¤ˆ à¤²à¥‡à¤¨à¤¾ à¤¦à¥‡à¤¨à¤¾ à¤¬à¤•à¤¾à¤¯à¤¾ à¤¨à¤¹à¥€à¤‚ à¤¹à¥ˆ 8 à¤¸à¤¿à¤¤à¤‚à¤¬à¤° à¤•à¥‹ à¤‰à¤¨ à¤ªà¤°à¤® à¤¸à¤‚à¤¤ à¤°à¤¾à¤®à¤ªà¤¾à¤² à¤œà¥€ à¤®à¤¹à¤¾à¤°à¤¾à¤œ à¤œà¥€ à¤•à¤¾ à¤…à¤µà¤¤à¤°à¤£ à¤¦à¤¿à¤µà¤¸ à¤¹à¥ˆ à¤ªà¤¢à¥‡ à¤œà¥à¤à¤¾à¤¨ à¤—à¤‚à¤—à¤¾ 5 Days to go for Avataran Diwas,Zach Braff and Dax Shepard,"ğŸš¨ Voyager- Cryptocurrency trading app, currently offering a FREE $25 for trading just $100 on the app. US Only. Bonus posts fast! One of the BEST payout crypto referral offers. ğŸš¨",Enjoy a cute view of my puffy pussy,Whatâ€™s wrong with you people?,Which leggings fit more?,"ğŸ§¬full nudesğŸ§¬costumes availableğŸ§¬full length videosğŸ§¬$5subsğŸ§¬over 2,500 post ğŸ§¬no PPVğŸ§¬",UK has little option but to talk with the Taliban | Taliban,Murica why you do this?,sucking and bouncing,another eden gameplay |fruit of guidance and the lost digital child |lord of mana| part 3|,Am I your type?
Additional-Cap-9312,JaMoose03,Only_Love6128,pixeldou001,HeavyTanker1945,Tommy_789,AngelRoselilian,Massive-Basil1662,oldhearthgaming,Kriznot23,crystal_ly,Kaylamarieoxxo,luthierindisguise,J-Pmadmax,cosmicgiirl,Jayxsolo,RLCD-Bot,quote_emperor,tonybluestar,13sillymilkmen,Wonderful-Special-52,oldhearthgaming,Yrnzk123,Tiffany__23,JohnsonTA2,FunctionalBoredom,artymcfly14,Massive-Basil1662,PoopFaceMcDickerson,niepustoke,chazz1,United-Tradition2325,sophiatho,Caolan114,nalipa,Minute-Sprinkles-240,Objective_Ad4096,FraggyRock,__ImWe1rd-,mattb1415,Massive-Basil1662,nonoumasy,BeliFree,Giordano_alberto,One_Understanding_97,myonlyfanspromo,Own-Coyote-7260,HibikiSS,AllisonEEHistorian,Massive-Basil1662,121aditya,Hentai8senpai,littlefeat92,AprilShowersXXX,Glum-Clue-528,Massive-Basil1662,Dasha_dragon,Mina1201,delovoy_kvartal,Tattooedbarbie86,theshibarikitten12,TheRobotAlt,Stefani_Miller,Dwigth-Schrute,niepustoke,Massive-Basil1662,Primary-Hand8759,ZarDoZ69X,TherealprinceT,HarleyQuinnnXo,NaturallyObservant,HiddenLayer5,LisaLovesAngelina,AdExternal3299,BenevWorldExploder,MasterLeeX2021,NefariousnessSharp19,theocratic_facist,premium_sapphire,DefinitionWestern495,Odd_Key9570,LostUser8,RealRock_n_Rolla,RULINGCHAOS,jebaderr,thelandan,NuruSpirit,TheFrostyApe,zionsportsindia,PurchaseOk8268,d-the-king,niepustoke,Soft_BakedPretzel,aka7es,MarMariez168,SchoolInternational9,whisper2045,captamerica02,EvelynHolland,sahil_pagi_yt,Lexenboo
False,False,False,False,False,False,False,False,False,False,False,False,False,False,False,False,False,False,False,False,False,False,False,False,False,False,False,False,False,False,False,False,False,False,False,False,False,False,False,False,False,False,False,False,False,False,False,False,False,False,False,False,False,False,False,False,False,False,False,False,False,False,False,False,False,False,False,False,False,False,False,False,False,False,False,False,False,False,False,False,False,False,False,False,False,False,False,False,False,False,False,False,False,False,False,False,False,False,False,False,False
False,False,False,False,False,False,True,False,False,False,False,True,False,False,False,False,False,False,False,False,False,False,False,False,False,False,False,False,False,False,False,False,False,False,False,False,False,False,False,False,False,False,False,False,False,False,False,False,False,False,False,False,False,False,False,False,False,False,False,False,False,False,False,False,False,False,False,False,False,False,False,False,False,False,False,False,False,False,False,False,False,False,False,False,False,True,False,False,False,False,False,False,False,False,False,False,False,False,False,False,False
"Thu, 02 Sep 2021 21:11:43 PDT","Thu, 02 Sep 2021 21:11:43 PDT","Thu, 02 Sep 2021 21:11:43 PDT","Thu, 02 Sep 2021 21:11:44 PDT","Thu, 02 Sep 2021 21:11:44 PDT","Thu, 02 Sep 2021 21:11:44 PDT","Thu, 02 Sep 2021 21:11:44 PDT","Thu, 02 Sep 2021 21:11:44 PDT","Thu, 02 Sep 2021 21:11:44 PDT","Thu, 02 Sep 2021 21:11:44 PDT","Thu, 02 Sep 2021 21:11:44 PDT","Thu, 02 Sep 2021 21:11:44 PDT","Thu, 02 Sep 2021 21:11:44 PDT","Thu, 02 Sep 2021 21:11:45 PDT","Thu, 02 Sep 2021 21:11:45 PDT","Thu, 02 Sep 2021 21:11:45 PDT","Thu, 02 Sep 2021 21:11:45 PDT","Thu, 02 Sep 2021 21:11:45 PDT","Thu, 02 Sep 2021 21:11:45 PDT","Thu, 02 Sep 2021 21:11:46 PDT","Thu, 02 Sep 2021 21:11:46 PDT","Thu, 02 Sep 2021 21:11:46 PDT","Thu, 02 Sep 2021 21:11:46 PDT","Thu, 02 Sep 2021 21:11:46 PDT","Thu, 02 Sep 2021 21:11:46 PDT","Thu, 02 Sep 2021 21:11:46 PDT","Thu, 02 Sep 2021 21:11:46 PDT","Thu, 02 Sep 2021 21:11:46 PDT","Thu, 02 Sep 2021 21:11:47 PDT","Thu, 02 Sep 2021 21:11:47 PDT","Thu, 02 Sep 2021 21:11:47 PDT","Thu, 02 Sep 2021 21:11:47 PDT","Thu, 02 Sep 2021 21:11:47 PDT","Thu, 02 Sep 2021 21:11:47 PDT","Thu, 02 Sep 2021 21:11:47 PDT","Thu, 02 Sep 2021 21:11:47 PDT","Thu, 02 Sep 2021 21:11:47 PDT","Thu, 02 Sep 2021 21:11:47 PDT","Thu, 02 Sep 2021 21:11:48 PDT","Thu, 02 Sep 2021 21:11:48 PDT","Thu, 02 Sep 2021 21:11:48 PDT","Thu, 02 Sep 2021 21:11:48 PDT","Thu, 02 Sep 2021 21:11:48 PDT","Thu, 02 Sep 2021 21:11:49 PDT","Thu, 02 Sep 2021 21:11:49 PDT","Thu, 02 Sep 2021 21:11:49 PDT","Thu, 02 Sep 2021 21:11:49 PDT","Thu, 02 Sep 2021 21:11:49 PDT","Thu, 02 Sep 2021 21:11:49 PDT","Thu, 02 Sep 2021 21:11:49 PDT","Thu, 02 Sep 2021 21:11:49 PDT","Thu, 02 Sep 2021 21:11:49 PDT","Thu, 02 Sep 2021 21:11:49 PDT","Thu, 02 Sep 2021 21:11:49 PDT","Thu, 02 Sep 2021 21:11:50 PDT","Thu, 02 Sep 2021 21:11:50 PDT","Thu, 02 Sep 2021 21:11:50 PDT","Thu, 02 Sep 2021 21:11:50 PDT","Thu, 02 Sep 2021 21:11:50 PDT","Thu, 02 Sep 2021 21:11:50 PDT","Thu, 02 Sep 2021 21:11:50 PDT","Thu, 02 Sep 2021 21:11:50 PDT","Thu, 02 Sep 2021 21:11:50 PDT","Thu, 02 Sep 2021 21:11:50 PDT","Thu, 02 Sep 2021 21:11:51 PDT","Thu, 02 Sep 2021 21:11:51 PDT","Thu, 02 Sep 2021 21:11:51 PDT","Thu, 02 Sep 2021 21:11:51 PDT","Thu, 02 Sep 2021 21:11:51 PDT","Thu, 02 Sep 2021 21:11:51 PDT","Thu, 02 Sep 2021 21:11:51 PDT","Thu, 02 Sep 2021 21:11:51 PDT","Thu, 02 Sep 2021 21:11:51 PDT","Thu, 02 Sep 2021 21:11:52 PDT","Thu, 02 Sep 2021 21:11:52 PDT","Thu, 02 Sep 2021 21:11:52 PDT","Thu, 02 Sep 2021 21:11:52 PDT","Thu, 02 Sep 2021 21:11:52 PDT","Thu, 02 Sep 2021 21:11:52 PDT","Thu, 02 Sep 2021 21:11:52 PDT","Thu, 02 Sep 2021 21:11:52 PDT","Thu, 02 Sep 2021 21:11:52 PDT","Thu, 02 Sep 2021 21:11:52 PDT","Thu, 02 Sep 2021 21:11:52 PDT","Thu, 02 Sep 2021 21:11:52 PDT","Thu, 02 Sep 2021 21:11:52 PDT","Thu, 02 Sep 2021 21:11:52 PDT","Thu, 02 Sep 2021 21:11:52 PDT","Thu, 02 Sep 2021 21:11:52 PDT","Thu, 02 Sep 2021 21:11:52 PDT","Thu, 02 Sep 2021 21:11:53 PDT","Thu, 02 Sep 2021 21:11:53 PDT","Thu, 02 Sep 2021 21:11:53 PDT","Thu, 02 Sep 2021 21:11:53 PDT","Thu, 02 Sep 2021 21:11:53 PDT","Thu, 02 Sep 2021 21:11:53 PDT","Thu, 02 Sep 2021 21:11:53 PDT","Thu, 02 Sep 2021 21:11:53 PDT","Thu, 02 Sep 2021 21:11:53 PDT","Thu, 02 Sep 2021 21:11:53 PDT","Thu, 02 Sep 2021 21:11:54 PDT"
False,False,False,False,False,False,True,False,False,False,True,True,True,True,True,False,False,False,True,False,True,False,False,True,False,False,True,False,True,False,False,False,False,False,True,False,True,False,False,False,False,False,True,False,False,True,False,False,False,False,True,True,True,True,True,False,True,False,False,True,True,False,True,True,False,False,True,False,True,True,True,False,True,False,False,True,False,False,False,False,False,False,False,False,False,False,False,False,False,False,False,False,True,False,False,True,True,False,True,False,True
/r/Vaping/comments/pgxs2p/anyone_know_someone_whos_died_from_heart_attack/,/r/u_JaMoose03/comments/pgxs2r/bus_stopped/,/r/AskReddit/comments/pgxs2s/what_is_the_best_and_worst_part_of_being_an_adult/,/r/u_pixeldou001/comments/pgxs2u/ccpztmxhjmjjkghv/,/r/regularcarreviews/comments/pgxs2v/anyone_else_absolutely_love_the_newish_hard_top/,/r/Absurdism/comments/pgxs2x/_/,/r/JuicyOnlyfans/comments/pgxs2y/cum_sub_for_free_to_your_favorite_bbw_latina/,/r/CryptocurrencyICO/comments/pgxs30/mario_token_token_just_launched_mario_token/,/r/GetMoreViewsYT/comments/pgxs31/memecahkan_misteri_assassins_creed_valhalla_ps4/,/r/Cringetopia/comments/pgxs32/americans/,/r/Stacked/comments/pgxs33/this_is_the_only_video_youll_need_today/,/r/ThePromoHub/comments/pgxs34/know_whats_on_the_menu_menu/,/r/DDLGPersonals/comments/pgxs35/20_m4f_australia_soft_kinky_daddy_looking_for_his/,/r/DesiBhabhiLeaks/comments/pgxs39/live/,/r/Adultcontentcreators/comments/pgxs3a/i_want_to_please_you_nudes_dick_rates_sexting_no/,/r/usmnt/comments/pgxs3d/post_match_thread_00_away/,/r/RLCustomDesigns/comments/pgxs3e/titanium_white_fennec_titanium_white_20xx_comet/,/r/aforismiecitazioni/comments/pgxs3f/cartolinaaforismavictorhugo15/,/r/GayOnlyFansPromotions/comments/pgxs3h/gay_bottom_videos_and_music_dances_gay_artist/,/r/movies/comments/pgxs3j/neill_blomkamp_vs_duncan_jones_who_do_you_choose/,/r/HotDesiGirls/comments/pgxs3k/cuckold_desi_wife_fucking_link_in_comment/,/r/newtuber/comments/pgxs3n/memecahkan_misteri_assassins_creed_valhalla_ps4/,/r/CoronavirusUS/comments/pgxs3o/cannabis/,/r/knockmeup/comments/pgxs3p/would_you_say_im_tight/,/r/MHRise/comments/pgxs3r/how_can_you_fight_apex_rathian/,/r/NoStupidQuestions/comments/pgxs3s/with_all_the_recent_climate_ch_i_mean_bad_and/,/r/penis/comments/pgxs3t/my_balls_are_full_help_me/,/r/CryptoMars/comments/pgxs3u/mario_token_token_just_launched_mario_token/,/r/ShesInCumshotDistance/comments/pgxs3v/0644_ramirezpleasure_sexy_latina_sucks_fucks_and/,/r/u_niepustoke/comments/pgxs3w/free_50_bonus_from_m1_finance_only_requires_a_100/,/r/dragoncon/comments/pgxs3z/6_hours_in_disability/,/r/Needafriend/comments/pgxs40/am_i_the_asshole_for_choosing_to_quarantine_at/,/r/FreeCompliments/comments/pgxs41/18_havent_posted_in_a_while/,/r/SEGA/comments/pgxs42/what_should_i_get_banana_mania_on/,/r/BeefFlaps/comments/pgxs43/do_you_remember_the_best_orgasm_youve_ever_had_foc/,/r/u_Minute-Sprinkles-240/comments/pgxs44/bit/,/r/SCr4r/comments/pgxs45/any_females_chatteau_xxx_in_charleston_m_looking/,/r/Promote_Your_Channel/comments/pgxs46/clip_studio_paint_tutorial_given_by_a/,/r/relateable/comments/pgxs47/how_tho_my_old_ennard_sh1t/,/r/DestinyTheGame/comments/pgxs48/witch_queen_preorder_pack_xbox/,/r/CryptoMarsShots/comments/pgxs4a/mario_token_token_just_launched_mario_token/,/r/MedievalHistory/comments/pgxs4d/historymapscom_presents_the_hundred_years_war/,/r/OnlyfansHDVideo/comments/pgxs4e/your_doll13_tiktok_nude_video_leak/,/r/NYguns/comments/pgxs4g/mossberg_maverick_deer_hunting/,/r/geegees/comments/pgxs4j/where_is_university_square/,/r/Ofpromopage/comments/pgxs4k/ill_ride_the_head_until_you_cum_then_shove_you/,/r/SNDL/comments/pgxs4l/sundial_going_up_80s_here_we_come/,/r/vzla/comments/pgxs4n/manuel_rosales_se_postulÃ³_como_candidato_a_la/,/r/eastenders/comments/pgxs4m/nancy_and_zack/,/r/CryptoMoon/comments/pgxs4o/mario_token_token_just_launched_mario_token/,/r/whooties/comments/pgxs4p/this_is_so_amazing_boob_do_you_want_to_see_full/,/r/rule34/comments/pgxs4r/chizuru_vs_ruka_who_do_you_choose_characters_ruka/,/r/ButtsAndBareFeet/comments/pgxs4s/soles_thiccc_booty/,/r/BreedingMaterial/comments/pgxs4t/my_tight_lips_are_perfect_for_keeping_your_cum_in/,/r/SextSnap/comments/pgxs4v/21f4asnapchat_anyone_for_sexting_and_need_to/,/r/CryptoMoonCoins/comments/pgxs4w/mario_token_token_just_launched_mario_token/,/r/OnlyFansInked/comments/pgxs4x/free_onlyfans_daily_posting_19yo_old_your/,/r/EthernityCloud/comments/pgxs4y/ethernitycloud_cloud_decentralized_altcoin/,/r/u_delovoy_kvartal/comments/pgxs4z/ĞµÑĞ»Ğ¸_Ğ±Ñ‹_Ğ½Ğµ_ĞºÑ€ĞµĞ¼Ğ»ÑŒ_ĞºĞ¿Ñ€Ñ„_Ñ€Ğ°Ğ·Ğ²Ğ°Ğ»Ğ¸Ğ»Ğ°ÑÑŒ_Ğ±Ñ‹_Ğ½Ğ°_ĞºÑƒÑĞ¾Ñ‡ĞºĞ¸/,/r/stocking_paradise/comments/pgxs51/barbie/,/r/onlyfans_get_noticed/comments/pgxs52/i_will_make_you_cum_i_want_you_now_on_my_of/,/r/ScreamingTreeFamily/comments/pgxs53/guys_its_me_therobotwannabe/,/r/sellingonline/comments/pgxs54/i_only_sell_gfe_or_really_hot_sexting_video_call/,/r/cosplaybabes/comments/pgxs55/ahri_by_nikawuw/,/r/cryptorefer/comments/pgxs56/voyager_cryptocurrency_trading_app_currently/,/r/cryptostreetbets/comments/pgxs57/mario_token_token_just_launched_mario_token/,/r/Discordnsfwfree/comments/pgxs58/httpstmejoinchattvuytp6e2zq0nde0/,/r/shoegaze/comments/pgxs59/girl_power_vol_3_female_vocal_indie_dreampop/,/r/findomfinder/comments/pgxs5a/worship_my_ass_and_pussy_loser_kiklegal_loli/,/r/DirtySocialMedia/comments/pgxs5c/interact_if_you_would_actually_fuck_me_on_a_first/,/r/FonMRape/comments/pgxs5b/yandere_chains_you_up_and_rides_you/,/r/AskReddit/comments/pgxs5d/you_are_transported_to_the_last_video_game_you/,/r/MakingDaddyProud/comments/pgxs5e/be_honest_would_you_fuck_me_on_a_first_date/,/r/u_AdExternal3299/comments/pgxs5h/46438601_embossed_w_32mm_p_adj_380mm/,/r/roastmytrack/comments/pgxs5k/idm_benevolent_world_exploder_in_the_upper_room/,/r/BDivasWrestling/comments/pgxs5l/melinas_big_ass/,/r/ico/comments/pgxs5m/deep_space_stealth_launch_listed_on_pancakeswap/,/r/Kakegurui/comments/pgxs5n/just_ryota_most_of_the_time/,/r/u_premium_sapphire/comments/pgxs5o/yellow_sapphire_pre_275_ct_458_ratti/,/r/KidCudi/comments/pgxs5p/is_heaven_at_nite_supposed_to_be_a_sad_song/,/r/UofT/comments/pgxs5q/course_difficultyworkload_comparison/,/r/Crunchyroll/comments/pgxs5r/crunchyroll_might_actually_phase_out/,/r/argentina/comments/pgxs5s/el_insÃ³lito_spot_de_randazzo_con_su_madre/,/r/thisismylifenow/comments/pgxs5t/a_girl_teaching_her_cat_how_to_write/,/r/Beretta/comments/pgxs5u/we_live_for_this_day/,/r/SaGa_ReuniverSe/comments/pgxs5v/appreciation_post_for_the_amount_of_effort_the/,/r/ShinyPokemon/comments/pgxs5w/gen_8_say_hello_to_spinach_it_is_safe_to_say_i_am/,/r/PSO2NGS/comments/pgxs5x/still_in_love_with_the_fashion_simulator_3/,/r/u_zionsportsindia/comments/pgxs5y/à°‡à°¡à°¯_à°µà°°à°¸à°¸_à°‡à°—à°²à°¡_4_à°µ_à°Ÿà°¸à°Ÿ_à°¡_1_à°‡à°—à°²à°¡_533_à°¸à°Ÿà°ªà°¸_à°µà°¦à°¦_à°“à°µà°²à°²/,/r/u_PurchaseOk8268/comments/pgxs60/à¨¸à¨š_à¨¦_à¨¸à¨˜à¨°à¨¸_à¤¸à¤¤_à¤°à¤®à¤ªà¤²_à¤œ_à¤®à¤¹à¤°à¤œ_à¤¨_à¤…à¤ªà¤¨_à¤…à¤¦à¤§à¤¤à¤¯_à¤¤à¤¤à¤µà¤œà¤à¤¨_à¤¸_à¤¬à¤¤à¤¯/,/r/CelebrityLookalikes/comments/pgxs62/zach_braff_and_dax_shepard/,/r/signupbonuses/comments/pgxs64/voyager_cryptocurrency_trading_app_currently/,/r/pussy/comments/pgxs66/enjoy_a_cute_view_of_my_puffy_pussy/,/r/enoughpetersonspam/comments/pgxs67/whats_wrong_with_you_people/,/r/DestinyFashion/comments/pgxs68/which_leggings_fit_more/,/r/Onlyfanspromoes/comments/pgxs6a/full_nudescostumes_availablefull_length/,/r/worldpolitics/comments/pgxs6b/uk_has_little_option_but_to_talk_with_the_taliban/,/r/SpecialSnowflake/comments/pgxs6c/murica_why_you_do_this/,/r/bussitchallenge/comments/pgxs6d/sucking_and_bouncing/,/r/SmallYoutubers/comments/pgxs6e/another_eden_gameplay_fruit_of_guidance_and_the/,/r/SkinnyGirls/comments/pgxs6h/am_i_your_type/
Vaping,u_JaMoose03,AskReddit,u_pixeldou001,regularcarreviews,Absurdism,JuicyOnlyfans,CryptocurrencyICO,GetMoreViewsYT,Cringetopia,Stacked,ThePromoHub,DDLGPersonals,DesiBhabhiLeaks,Adultcontentcreators,usmnt,RLCustomDesigns,aforismiecitazioni,GayOnlyFansPromotions,movies,HotDesiGirls,newtuber,CoronavirusUS,knockmeup,MHRise,NoStupidQuestions,penis,CryptoMars,ShesInCumshotDistance,u_niepustoke,dragoncon,Needafriend,FreeCompliments,SEGA,BeefFlaps,u_Minute-Sprinkles-240,SCr4r,Promote_Your_Channel,relateable,DestinyTheGame,CryptoMarsShots,MedievalHistory,OnlyfansHDVideo,NYguns,geegees,Ofpromopage,SNDL,vzla,eastenders,CryptoMoon,whooties,rule34,ButtsAndBareFeet,BreedingMaterial,SextSnap,CryptoMoonCoins,OnlyFansInked,EthernityCloud,u_delovoy_kvartal,stocking_paradise,onlyfans_get_noticed,ScreamingTreeFamily,sellingonline,cosplaybabes,cryptorefer,cryptostreetbets,Discordnsfwfree,shoegaze,findomfinder,DirtySocialMedia,FonMRape,AskReddit,MakingDaddyProud,u_AdExternal3299,roastmytrack,BDivasWrestling,ico,Kakegurui,u_premium_sapphire,KidCudi,UofT,Crunchyroll,argentina,thisismylifenow,Beretta,SaGa_ReuniverSe,ShinyPokemon,PSO2NGS,u_zionsportsindia,u_PurchaseOk8268,CelebrityLookalikes,signupbonuses,pussy,enoughpetersonspam,DestinyFashion,Onlyfanspromoes,worldpolitics,SpecialSnowflake,bussitchallenge,SmallYoutubers,SkinnyGirls
140255,0,33449957,0,38779,19538,63720,82254,83377,1434517,802970,4525,49567,17099,29019,7726,35765,101,19665,25726110,13234,2530,144109,447862,41828,2380543,240649,49807,542,0,12808,303393,172298,33938,24939,0,541,8928,632,2115901,23811,33785,796,8352,20397,12,63570,80578,5093,43293,376692,1767919,400006,1327885,20600,10949,96805,379,0,32483,66663,341,59616,451342,2205,28115,8,79924,14095,104787,6,33449957,30016,0,19558,110,32710,36399,0,92862,74870,253993,314162,829651,10395,5378,147580,19635,0,0,266,950,1395485,34685,171292,3809,1203577,64208,29912,58583,84261
